{
	"id": "VirtualizedMultiplayer",
	"name": "Multiplayer",
	"display_name": "MP",
	"author": ["virtualized", "TGMM", "CUexter"],
	"description": "Allows players to compete with their friends!",
	"prefix": "mp",
	"main_file": "Core.lua",
	"priority": 9007199254740990,
	"badge_colour": "AC3232",
	"badge_text_colour": "FFFFFF",
	"version": "0.1.8.4",
	"dependencies": [
    "Steamodded (>=1.0.0~BETA-0302a)",
    "Lovely (>=0.7)",
    "Balatro (>=1.0.1n)"
  ],
	"conflicts": [
		"SystemClock (<<1.6.3)",
		"Cryptid (<<0.5.4)",
		"Talisman (<=2.0.2)"
	]
}